model,rsquared,MSE,AIC
Unregularized,0.781,5.572302870116987,-1542.916865001206
Ridge,0.8,5.066755288157446,-1518.5985852008587
Lasso,0.816,4.666219463984615,-947.9928907013579
Elastic Net,0.818,4.613037254632307,-846.2699795469235
